,title,movieId,genres,movie_year,title_only,genres_single
0,The Martian (2015),134130,Adventure|Drama|Sci-Fi,2015.0,The Martian,Adventure
0,The Martian (2015),134130,Adventure|Drama|Sci-Fi,2015.0,The Martian,Drama
0,The Martian (2015),134130,Adventure|Drama|Sci-Fi,2015.0,The Martian,Sci-Fi
1,Deadpool (2016),122904,Action|Adventure|Comedy|Sci-Fi,2016.0,Deadpool,Action
1,Deadpool (2016),122904,Action|Adventure|Comedy|Sci-Fi,2016.0,Deadpool,Adventure
1,Deadpool (2016),122904,Action|Adventure|Comedy|Sci-Fi,2016.0,Deadpool,Comedy
1,Deadpool (2016),122904,Action|Adventure|Comedy|Sci-Fi,2016.0,Deadpool,Sci-Fi
2,Mad Max: Fury Road (2015),122882,Action|Adventure|Sci-Fi|Thriller,2015.0,Mad Max: Fury Road,Action
2,Mad Max: Fury Road (2015),122882,Action|Adventure|Sci-Fi|Thriller,2015.0,Mad Max: Fury Road,Adventure
2,Mad Max: Fury Road (2015),122882,Action|Adventure|Sci-Fi|Thriller,2015.0,Mad Max: Fury Road,Sci-Fi
2,Mad Max: Fury Road (2015),122882,Action|Adventure|Sci-Fi|Thriller,2015.0,Mad Max: Fury Road,Thriller
3,Inside Out (2015),134853,Adventure|Animation|Children|Comedy|Drama|Fantasy,2015.0,Inside Out,Adventure
3,Inside Out (2015),134853,Adventure|Animation|Children|Comedy|Drama|Fantasy,2015.0,Inside Out,Animation
3,Inside Out (2015),134853,Adventure|Animation|Children|Comedy|Drama|Fantasy,2015.0,Inside Out,Children
3,Inside Out (2015),134853,Adventure|Animation|Children|Comedy|Drama|Fantasy,2015.0,Inside Out,Comedy
3,Inside Out (2015),134853,Adventure|Animation|Children|Comedy|Drama|Fantasy,2015.0,Inside Out,Drama
3,Inside Out (2015),134853,Adventure|Animation|Children|Comedy|Drama|Fantasy,2015.0,Inside Out,Fantasy
4,Ex Machina (2015),115713,Drama|Sci-Fi|Thriller,2015.0,Ex Machina,Drama
4,Ex Machina (2015),115713,Drama|Sci-Fi|Thriller,2015.0,Ex Machina,Sci-Fi
4,Ex Machina (2015),115713,Drama|Sci-Fi|Thriller,2015.0,Ex Machina,Thriller
5,Star Wars: Episode VII - The Force Awakens (2015),122886,Action|Adventure|Fantasy|Sci-Fi|IMAX,2015.0,Star Wars: Episode VII - The Force Awakens,Action
5,Star Wars: Episode VII - The Force Awakens (2015),122886,Action|Adventure|Fantasy|Sci-Fi|IMAX,2015.0,Star Wars: Episode VII - The Force Awakens,Adventure
5,Star Wars: Episode VII - The Force Awakens (2015),122886,Action|Adventure|Fantasy|Sci-Fi|IMAX,2015.0,Star Wars: Episode VII - The Force Awakens,Fantasy
5,Star Wars: Episode VII - The Force Awakens (2015),122886,Action|Adventure|Fantasy|Sci-Fi|IMAX,2015.0,Star Wars: Episode VII - The Force Awakens,Sci-Fi
5,Star Wars: Episode VII - The Force Awakens (2015),122886,Action|Adventure|Fantasy|Sci-Fi|IMAX,2015.0,Star Wars: Episode VII - The Force Awakens,IMAX
6,Arrival (2016),164179,Sci-Fi,2016.0,Arrival,Sci-Fi
7,Kingsman: The Secret Service (2015),119145,Action|Adventure|Comedy|Crime,2015.0,Kingsman: The Secret Service,Action
7,Kingsman: The Secret Service (2015),119145,Action|Adventure|Comedy|Crime,2015.0,Kingsman: The Secret Service,Adventure
7,Kingsman: The Secret Service (2015),119145,Action|Adventure|Comedy|Crime,2015.0,Kingsman: The Secret Service,Comedy
7,Kingsman: The Secret Service (2015),119145,Action|Adventure|Comedy|Crime,2015.0,Kingsman: The Secret Service,Crime
8,Zootopia (2016),152081,Action|Adventure|Animation|Children|Comedy,2016.0,Zootopia,Action
8,Zootopia (2016),152081,Action|Adventure|Animation|Children|Comedy,2016.0,Zootopia,Adventure
8,Zootopia (2016),152081,Action|Adventure|Animation|Children|Comedy,2016.0,Zootopia,Animation
8,Zootopia (2016),152081,Action|Adventure|Animation|Children|Comedy,2016.0,Zootopia,Children
8,Zootopia (2016),152081,Action|Adventure|Animation|Children|Comedy,2016.0,Zootopia,Comedy
9,"Big Short, The (2015)",148626,Drama,2015.0,"Big Short, The",Drama
10,The Revenant (2015),139385,Adventure|Drama,2015.0,The Revenant,Adventure
10,The Revenant (2015),139385,Adventure|Drama,2015.0,The Revenant,Drama
11,Avengers: Age of Ultron (2015),122892,Action|Adventure|Sci-Fi,2015.0,Avengers: Age of Ultron,Action
11,Avengers: Age of Ultron (2015),122892,Action|Adventure|Sci-Fi,2015.0,Avengers: Age of Ultron,Adventure
11,Avengers: Age of Ultron (2015),122892,Action|Adventure|Sci-Fi,2015.0,Avengers: Age of Ultron,Sci-Fi
12,Rogue One: A Star Wars Story (2016),166528,Action|Adventure|Fantasy|Sci-Fi,2016.0,Rogue One: A Star Wars Story,Action
12,Rogue One: A Star Wars Story (2016),166528,Action|Adventure|Fantasy|Sci-Fi,2016.0,Rogue One: A Star Wars Story,Adventure
12,Rogue One: A Star Wars Story (2016),166528,Action|Adventure|Fantasy|Sci-Fi,2016.0,Rogue One: A Star Wars Story,Fantasy
12,Rogue One: A Star Wars Story (2016),166528,Action|Adventure|Fantasy|Sci-Fi,2016.0,Rogue One: A Star Wars Story,Sci-Fi
13,Logan (2017),168252,Action|Sci-Fi,2017.0,Logan,Action
13,Logan (2017),168252,Action|Sci-Fi,2017.0,Logan,Sci-Fi
14,Guardians of the Galaxy 2 (2017),122918,Action|Adventure|Sci-Fi,2017.0,Guardians of the Galaxy 2,Action
14,Guardians of the Galaxy 2 (2017),122918,Action|Adventure|Sci-Fi,2017.0,Guardians of the Galaxy 2,Adventure
14,Guardians of the Galaxy 2 (2017),122918,Action|Adventure|Sci-Fi,2017.0,Guardians of the Galaxy 2,Sci-Fi
15,Doctor Strange (2016),122922,Action|Adventure|Sci-Fi,2016.0,Doctor Strange,Action
15,Doctor Strange (2016),122922,Action|Adventure|Sci-Fi,2016.0,Doctor Strange,Adventure
15,Doctor Strange (2016),122922,Action|Adventure|Sci-Fi,2016.0,Doctor Strange,Sci-Fi
16,Avengers: Infinity War - Part I (2018),122912,Action|Adventure|Sci-Fi,2018.0,Avengers: Infinity War - Part I,Action
16,Avengers: Infinity War - Part I (2018),122912,Action|Adventure|Sci-Fi,2018.0,Avengers: Infinity War - Part I,Adventure
16,Avengers: Infinity War - Part I (2018),122912,Action|Adventure|Sci-Fi,2018.0,Avengers: Infinity War - Part I,Sci-Fi
17,Ant-Man (2015),122900,Action|Adventure|Sci-Fi,2015.0,Ant-Man,Action
17,Ant-Man (2015),122900,Action|Adventure|Sci-Fi,2015.0,Ant-Man,Adventure
17,Ant-Man (2015),122900,Action|Adventure|Sci-Fi,2015.0,Ant-Man,Sci-Fi
18,The Hateful Eight (2015),128360,Western,2015.0,The Hateful Eight,Western
19,Captain America: Civil War (2016),122920,Action|Sci-Fi|Thriller,2016.0,Captain America: Civil War,Action
19,Captain America: Civil War (2016),122920,Action|Sci-Fi|Thriller,2016.0,Captain America: Civil War,Sci-Fi
19,Captain America: Civil War (2016),122920,Action|Sci-Fi|Thriller,2016.0,Captain America: Civil War,Thriller
20,Jurassic World (2015),117529,Action|Adventure|Drama|Sci-Fi|Thriller,2015.0,Jurassic World,Action
20,Jurassic World (2015),117529,Action|Adventure|Drama|Sci-Fi|Thriller,2015.0,Jurassic World,Adventure
20,Jurassic World (2015),117529,Action|Adventure|Drama|Sci-Fi|Thriller,2015.0,Jurassic World,Drama
20,Jurassic World (2015),117529,Action|Adventure|Drama|Sci-Fi|Thriller,2015.0,Jurassic World,Sci-Fi
20,Jurassic World (2015),117529,Action|Adventure|Drama|Sci-Fi|Thriller,2015.0,Jurassic World,Thriller
21,Thor: Ragnarok (2017),122916,Action|Adventure|Sci-Fi,2017.0,Thor: Ragnarok,Action
21,Thor: Ragnarok (2017),122916,Action|Adventure|Sci-Fi,2017.0,Thor: Ragnarok,Adventure
21,Thor: Ragnarok (2017),122916,Action|Adventure|Sci-Fi,2017.0,Thor: Ragnarok,Sci-Fi
22,Spotlight (2015),142488,Thriller,2015.0,Spotlight,Thriller
23,Get Out (2017),168250,Horror,2017.0,Get Out,Horror
24,Blade Runner 2049 (2017),176371,Sci-Fi,2017.0,Blade Runner 2049,Sci-Fi
25,The Hunger Games: Mockingjay - Part 2 (2015),135133,Adventure|Sci-Fi,2015.0,The Hunger Games: Mockingjay - Part 2,Adventure
25,The Hunger Games: Mockingjay - Part 2 (2015),135133,Adventure|Sci-Fi,2015.0,The Hunger Games: Mockingjay - Part 2,Sci-Fi
26,Mission: Impossible - Rogue Nation (2015),111781,Action|Adventure|Thriller,2015.0,Mission: Impossible - Rogue Nation,Action
26,Mission: Impossible - Rogue Nation (2015),111781,Action|Adventure|Thriller,2015.0,Mission: Impossible - Rogue Nation,Adventure
26,Mission: Impossible - Rogue Nation (2015),111781,Action|Adventure|Thriller,2015.0,Mission: Impossible - Rogue Nation,Thriller
27,Dunkirk (2017),174055,Action|Drama|Thriller|War,2017.0,Dunkirk,Action
27,Dunkirk (2017),174055,Action|Drama|Thriller|War,2017.0,Dunkirk,Drama
27,Dunkirk (2017),174055,Action|Drama|Thriller|War,2017.0,Dunkirk,Thriller
27,Dunkirk (2017),174055,Action|Drama|Thriller|War,2017.0,Dunkirk,War
28,Sicario (2015),139644,Crime|Drama|Mystery,2015.0,Sicario,Crime
28,Sicario (2015),139644,Crime|Drama|Mystery,2015.0,Sicario,Drama
28,Sicario (2015),139644,Crime|Drama|Mystery,2015.0,Sicario,Mystery
29,Deadpool 2 (2018),187593,Action|Comedy|Sci-Fi,2018.0,Deadpool 2,Action
29,Deadpool 2 (2018),187593,Action|Comedy|Sci-Fi,2018.0,Deadpool 2,Comedy
29,Deadpool 2 (2018),187593,Action|Comedy|Sci-Fi,2018.0,Deadpool 2,Sci-Fi
30,Fantastic Beasts and Where to Find Them (2016),135143,Fantasy,2016.0,Fantastic Beasts and Where to Find Them,Fantasy
31,Untitled Spider-Man Reboot (2017),122926,Action|Adventure|Fantasy,2017.0,Untitled Spider-Man Reboot,Action
31,Untitled Spider-Man Reboot (2017),122926,Action|Adventure|Fantasy,2017.0,Untitled Spider-Man Reboot,Adventure
31,Untitled Spider-Man Reboot (2017),122926,Action|Adventure|Fantasy,2017.0,Untitled Spider-Man Reboot,Fantasy
32,Wonder Woman (2017),143355,Action|Adventure|Fantasy,2017.0,Wonder Woman,Action
32,Wonder Woman (2017),143355,Action|Adventure|Fantasy,2017.0,Wonder Woman,Adventure
32,Wonder Woman (2017),143355,Action|Adventure|Fantasy,2017.0,Wonder Woman,Fantasy
33,Room (2015),140174,Drama,2015.0,Room,Drama
34,10 Cloverfield Lane (2016),152077,Thriller,2016.0,10 Cloverfield Lane,Thriller
35,Baby Driver (2017),171763,Action|Crime|Thriller,2017.0,Baby Driver,Action
35,Baby Driver (2017),171763,Action|Crime|Thriller,2017.0,Baby Driver,Crime
35,Baby Driver (2017),171763,Action|Crime|Thriller,2017.0,Baby Driver,Thriller
36,Moana (2016),166461,Adventure|Animation|Children|Comedy|Fantasy,2016.0,Moana,Adventure
36,Moana (2016),166461,Adventure|Animation|Children|Comedy|Fantasy,2016.0,Moana,Animation
36,Moana (2016),166461,Adventure|Animation|Children|Comedy|Fantasy,2016.0,Moana,Children
36,Moana (2016),166461,Adventure|Animation|Children|Comedy|Fantasy,2016.0,Moana,Comedy
36,Moana (2016),166461,Adventure|Animation|Children|Comedy|Fantasy,2016.0,Moana,Fantasy
37,Bridge of Spies (2015),143385,Drama|Thriller,2015.0,Bridge of Spies,Drama
37,Bridge of Spies (2015),143385,Drama|Thriller,2015.0,Bridge of Spies,Thriller
38,Coco (2017),177765,Adventure|Animation|Children,2017.0,Coco,Adventure
38,Coco (2017),177765,Adventure|Animation|Children,2017.0,Coco,Animation
38,Coco (2017),177765,Adventure|Animation|Children,2017.0,Coco,Children
39,La La Land (2016),164909,Comedy|Drama|Romance,2016.0,La La Land,Comedy
39,La La Land (2016),164909,Comedy|Drama|Romance,2016.0,La La Land,Drama
39,La La Land (2016),164909,Comedy|Drama|Romance,2016.0,La La Land,Romance
40,"Three Billboards Outside Ebbing, Missouri (2017)",177593,Crime|Drama,2017.0,"Three Billboards Outside Ebbing, Missouri",Crime
40,"Three Billboards Outside Ebbing, Missouri (2017)",177593,Crime|Drama,2017.0,"Three Billboards Outside Ebbing, Missouri",Drama
41,The Man from U.N.C.L.E. (2015),138036,Action|Adventure|Comedy,2015.0,The Man from U.N.C.L.E.,Action
41,The Man from U.N.C.L.E. (2015),138036,Action|Adventure|Comedy,2015.0,The Man from U.N.C.L.E.,Adventure
41,The Man from U.N.C.L.E. (2015),138036,Action|Adventure|Comedy,2015.0,The Man from U.N.C.L.E.,Comedy
42,Star Wars: The Last Jedi (2017),179819,Action|Adventure|Fantasy|Sci-Fi,2017.0,Star Wars: The Last Jedi,Action
42,Star Wars: The Last Jedi (2017),179819,Action|Adventure|Fantasy|Sci-Fi,2017.0,Star Wars: The Last Jedi,Adventure
42,Star Wars: The Last Jedi (2017),179819,Action|Adventure|Fantasy|Sci-Fi,2017.0,Star Wars: The Last Jedi,Fantasy
42,Star Wars: The Last Jedi (2017),179819,Action|Adventure|Fantasy|Sci-Fi,2017.0,Star Wars: The Last Jedi,Sci-Fi
43,Spectre (2015),136020,Action|Adventure|Crime,2015.0,Spectre,Action
43,Spectre (2015),136020,Action|Adventure|Crime,2015.0,Spectre,Adventure
43,Spectre (2015),136020,Action|Adventure|Crime,2015.0,Spectre,Crime
44,Black Panther (2017),122906,Action|Adventure|Sci-Fi,2017.0,Black Panther,Action
44,Black Panther (2017),122906,Action|Adventure|Sci-Fi,2017.0,Black Panther,Adventure
44,Black Panther (2017),122906,Action|Adventure|Sci-Fi,2017.0,Black Panther,Sci-Fi
45,The Nice Guys (2016),158238,Crime|Mystery|Thriller,2016.0,The Nice Guys,Crime
45,The Nice Guys (2016),158238,Crime|Mystery|Thriller,2016.0,The Nice Guys,Mystery
45,The Nice Guys (2016),158238,Crime|Mystery|Thriller,2016.0,The Nice Guys,Thriller
46,Finding Dory (2016),157296,Adventure|Animation|Comedy,2016.0,Finding Dory,Adventure
46,Finding Dory (2016),157296,Adventure|Animation|Comedy,2016.0,Finding Dory,Animation
46,Finding Dory (2016),157296,Adventure|Animation|Comedy,2016.0,Finding Dory,Comedy
47,Spider-Man: Into the Spider-Verse (2018),195159,Action|Adventure|Animation|Sci-Fi,2018.0,Spider-Man: Into the Spider-Verse,Action
47,Spider-Man: Into the Spider-Verse (2018),195159,Action|Adventure|Animation|Sci-Fi,2018.0,Spider-Man: Into the Spider-Verse,Adventure
47,Spider-Man: Into the Spider-Verse (2018),195159,Action|Adventure|Animation|Sci-Fi,2018.0,Spider-Man: Into the Spider-Verse,Animation
47,Spider-Man: Into the Spider-Verse (2018),195159,Action|Adventure|Animation|Sci-Fi,2018.0,Spider-Man: Into the Spider-Verse,Sci-Fi
48,Passengers (2016),166635,Adventure|Drama|Romance|Sci-Fi,2016.0,Passengers,Adventure
48,Passengers (2016),166635,Adventure|Drama|Romance|Sci-Fi,2016.0,Passengers,Drama
48,Passengers (2016),166635,Adventure|Drama|Romance|Sci-Fi,2016.0,Passengers,Romance
48,Passengers (2016),166635,Adventure|Drama|Romance|Sci-Fi,2016.0,Passengers,Sci-Fi
49,The Intern (2015),140110,Comedy,2015.0,The Intern,Comedy
50,Incredibles 2 (2018),187541,Action|Adventure|Animation|Children,2018.0,Incredibles 2,Action
50,Incredibles 2 (2018),187541,Action|Adventure|Animation|Children,2018.0,Incredibles 2,Adventure
50,Incredibles 2 (2018),187541,Action|Adventure|Animation|Children,2018.0,Incredibles 2,Animation
50,Incredibles 2 (2018),187541,Action|Adventure|Animation|Children,2018.0,Incredibles 2,Children
51,The Lobster (2015),133771,Comedy|Romance|Sci-Fi,2015.0,The Lobster,Comedy
51,The Lobster (2015),133771,Comedy|Romance|Sci-Fi,2015.0,The Lobster,Romance
51,The Lobster (2015),133771,Comedy|Romance|Sci-Fi,2015.0,The Lobster,Sci-Fi
52,X-Men: Apocalypse (2016),122924,Action|Adventure|Fantasy|Sci-Fi,2016.0,X-Men: Apocalypse,Action
52,X-Men: Apocalypse (2016),122924,Action|Adventure|Fantasy|Sci-Fi,2016.0,X-Men: Apocalypse,Adventure
52,X-Men: Apocalypse (2016),122924,Action|Adventure|Fantasy|Sci-Fi,2016.0,X-Men: Apocalypse,Fantasy
52,X-Men: Apocalypse (2016),122924,Action|Adventure|Fantasy|Sci-Fi,2016.0,X-Men: Apocalypse,Sci-Fi
53,Hidden Figures (2016),166643,Drama,2016.0,Hidden Figures,Drama
54,Avengers: Infinity War - Part II (2019),122914,Action|Adventure|Sci-Fi,2019.0,Avengers: Infinity War - Part II,Action
54,Avengers: Infinity War - Part II (2019),122914,Action|Adventure|Sci-Fi,2019.0,Avengers: Infinity War - Part II,Adventure
54,Avengers: Infinity War - Part II (2019),122914,Action|Adventure|Sci-Fi,2019.0,Avengers: Infinity War - Part II,Sci-Fi
55,Suicide Squad (2016),135536,Action|Crime|Sci-Fi,2016.0,Suicide Squad,Action
55,Suicide Squad (2016),135536,Action|Crime|Sci-Fi,2016.0,Suicide Squad,Crime
55,Suicide Squad (2016),135536,Action|Crime|Sci-Fi,2016.0,Suicide Squad,Sci-Fi
56,Batman v Superman: Dawn of Justice (2016),136864,Action|Adventure|Fantasy|Sci-Fi,2016.0,Batman v Superman: Dawn of Justice,Action
56,Batman v Superman: Dawn of Justice (2016),136864,Action|Adventure|Fantasy|Sci-Fi,2016.0,Batman v Superman: Dawn of Justice,Adventure
56,Batman v Superman: Dawn of Justice (2016),136864,Action|Adventure|Fantasy|Sci-Fi,2016.0,Batman v Superman: Dawn of Justice,Fantasy
56,Batman v Superman: Dawn of Justice (2016),136864,Action|Adventure|Fantasy|Sci-Fi,2016.0,Batman v Superman: Dawn of Justice,Sci-Fi
57,Star Trek Beyond (2016),135569,Action|Adventure|Sci-Fi,2016.0,Star Trek Beyond,Action
57,Star Trek Beyond (2016),135569,Action|Adventure|Sci-Fi,2016.0,Star Trek Beyond,Adventure
57,Star Trek Beyond (2016),135569,Action|Adventure|Sci-Fi,2016.0,Star Trek Beyond,Sci-Fi
58,Hacksaw Ridge (2016),163645,Drama|War,2016.0,Hacksaw Ridge,Drama
58,Hacksaw Ridge (2016),163645,Drama|War,2016.0,Hacksaw Ridge,War
59,John Wick: Chapter Two (2017),168248,Action|Crime|Thriller,2017.0,John Wick: Chapter Two,Action
59,John Wick: Chapter Two (2017),168248,Action|Crime|Thriller,2017.0,John Wick: Chapter Two,Crime
59,John Wick: Chapter Two (2017),168248,Action|Crime|Thriller,2017.0,John Wick: Chapter Two,Thriller
60,Split (2017),166534,Drama|Horror|Thriller,2017.0,Split,Drama
60,Split (2017),166534,Drama|Horror|Thriller,2017.0,Split,Horror
60,Split (2017),166534,Drama|Horror|Thriller,2017.0,Split,Thriller
61,Chappie (2015),120466,Action|Thriller,2015.0,Chappie,Action
61,Chappie (2015),120466,Action|Thriller,2015.0,Chappie,Thriller
62,Spy (2015),134368,Action|Comedy|Crime,2015.0,Spy,Action
62,Spy (2015),134368,Action|Comedy|Crime,2015.0,Spy,Comedy
62,Spy (2015),134368,Action|Comedy|Crime,2015.0,Spy,Crime
63,Furious 7 (2015),130634,Action|Crime|Thriller,2015.0,Furious 7,Action
63,Furious 7 (2015),130634,Action|Crime|Thriller,2015.0,Furious 7,Crime
63,Furious 7 (2015),130634,Action|Crime|Thriller,2015.0,Furious 7,Thriller
64,Now You See Me 2 (2016),159093,Action|Comedy|Thriller,2016.0,Now You See Me 2,Action
64,Now You See Me 2 (2016),159093,Action|Comedy|Thriller,2016.0,Now You See Me 2,Comedy
64,Now You See Me 2 (2016),159093,Action|Comedy|Thriller,2016.0,Now You See Me 2,Thriller
65,It (2017),175303,Horror,2017.0,It,Horror
66,Minions (2015),135887,Adventure|Animation|Children|Comedy,2015.0,Minions,Adventure
66,Minions (2015),135887,Adventure|Animation|Children|Comedy,2015.0,Minions,Animation
66,Minions (2015),135887,Adventure|Animation|Children|Comedy,2015.0,Minions,Children
66,Minions (2015),135887,Adventure|Animation|Children|Comedy,2015.0,Minions,Comedy
67,Insurgent (2015),130490,Action|Sci-Fi|Thriller,2015.0,Insurgent,Action
67,Insurgent (2015),130490,Action|Sci-Fi|Thriller,2015.0,Insurgent,Sci-Fi
67,Insurgent (2015),130490,Action|Sci-Fi|Thriller,2015.0,Insurgent,Thriller
68,The Accountant (2016),162606,Crime|Drama|Thriller,2016.0,The Accountant,Crime
68,The Accountant (2016),162606,Crime|Drama|Thriller,2016.0,The Accountant,Drama
68,The Accountant (2016),162606,Crime|Drama|Thriller,2016.0,The Accountant,Thriller
69,Bohemian Rhapsody (2018),192803,Drama,2018.0,Bohemian Rhapsody,Drama
70,The Shape of Water (2017),180031,Adventure|Drama|Fantasy,2017.0,The Shape of Water,Adventure
70,The Shape of Water (2017),180031,Adventure|Drama|Fantasy,2017.0,The Shape of Water,Drama
70,The Shape of Water (2017),180031,Adventure|Drama|Fantasy,2017.0,The Shape of Water,Fantasy
71,The Jungle Book (2016),137857,Adventure|Drama|Fantasy,2016.0,The Jungle Book,Adventure
71,The Jungle Book (2016),137857,Adventure|Drama|Fantasy,2016.0,The Jungle Book,Drama
71,The Jungle Book (2016),137857,Adventure|Drama|Fantasy,2016.0,The Jungle Book,Fantasy
72,Isle of Dogs (2018),183897,Animation|Comedy,2018.0,Isle of Dogs,Animation
72,Isle of Dogs (2018),183897,Animation|Comedy,2018.0,Isle of Dogs,Comedy
73,A Quiet Place (2018),185029,Drama|Horror|Thriller,2018.0,A Quiet Place,Drama
73,A Quiet Place (2018),185029,Drama|Horror|Thriller,2018.0,A Quiet Place,Horror
73,A Quiet Place (2018),185029,Drama|Horror|Thriller,2018.0,A Quiet Place,Thriller
74,Terminator Genisys (2015),120799,Action|Adventure|Sci-Fi|Thriller,2015.0,Terminator Genisys,Action
74,Terminator Genisys (2015),120799,Action|Adventure|Sci-Fi|Thriller,2015.0,Terminator Genisys,Adventure
74,Terminator Genisys (2015),120799,Action|Adventure|Sci-Fi|Thriller,2015.0,Terminator Genisys,Sci-Fi
74,Terminator Genisys (2015),120799,Action|Adventure|Sci-Fi|Thriller,2015.0,Terminator Genisys,Thriller
75,Kubo and the Two Strings (2016),162578,Adventure|Animation|Children|Fantasy,2016.0,Kubo and the Two Strings,Adventure
75,Kubo and the Two Strings (2016),162578,Adventure|Animation|Children|Fantasy,2016.0,Kubo and the Two Strings,Animation
75,Kubo and the Two Strings (2016),162578,Adventure|Animation|Children|Fantasy,2016.0,Kubo and the Two Strings,Children
75,Kubo and the Two Strings (2016),162578,Adventure|Animation|Children|Fantasy,2016.0,Kubo and the Two Strings,Fantasy
76,Lady Bird (2017),177615,Comedy,2017.0,Lady Bird,Comedy
77,Captain Fantastic (2016),158966,Drama,2016.0,Captain Fantastic,Drama
78,Green Book (2018),194448,Comedy|Drama,2018.0,Green Book,Comedy
78,Green Book (2018),194448,Comedy|Drama,2018.0,Green Book,Drama
79,Tomorrowland (2015),132046,Action|Adventure|Children|Mystery|Sci-Fi,2015.0,Tomorrowland,Action
79,Tomorrowland (2015),132046,Action|Adventure|Children|Mystery|Sci-Fi,2015.0,Tomorrowland,Adventure
79,Tomorrowland (2015),132046,Action|Adventure|Children|Mystery|Sci-Fi,2015.0,Tomorrowland,Children
79,Tomorrowland (2015),132046,Action|Adventure|Children|Mystery|Sci-Fi,2015.0,Tomorrowland,Mystery
79,Tomorrowland (2015),132046,Action|Adventure|Children|Mystery|Sci-Fi,2015.0,Tomorrowland,Sci-Fi
80,Annihilation (2018),182715,Adventure|Mystery|Sci-Fi|Thriller,2018.0,Annihilation,Adventure
80,Annihilation (2018),182715,Adventure|Mystery|Sci-Fi|Thriller,2018.0,Annihilation,Mystery
80,Annihilation (2018),182715,Adventure|Mystery|Sci-Fi|Thriller,2018.0,Annihilation,Sci-Fi
80,Annihilation (2018),182715,Adventure|Mystery|Sci-Fi|Thriller,2018.0,Annihilation,Thriller
81,Hell or High Water (2016),161582,Crime|Drama,2016.0,Hell or High Water,Crime
81,Hell or High Water (2016),161582,Crime|Drama,2016.0,Hell or High Water,Drama
82,Focus (2015),129354,Comedy|Crime|Drama|Romance,2015.0,Focus,Comedy
82,Focus (2015),129354,Comedy|Crime|Drama|Romance,2015.0,Focus,Crime
82,Focus (2015),129354,Comedy|Crime|Drama|Romance,2015.0,Focus,Drama
82,Focus (2015),129354,Comedy|Crime|Drama|Romance,2015.0,Focus,Romance
83,Jupiter Ascending (2015),113345,Action|Adventure|Sci-Fi,2015.0,Jupiter Ascending,Action
83,Jupiter Ascending (2015),113345,Action|Adventure|Sci-Fi,2015.0,Jupiter Ascending,Adventure
83,Jupiter Ascending (2015),113345,Action|Adventure|Sci-Fi,2015.0,Jupiter Ascending,Sci-Fi
84,Maze Runner: Scorch Trials (2015),117895,Action|Thriller,2015.0,Maze Runner: Scorch Trials,Action
84,Maze Runner: Scorch Trials (2015),117895,Action|Thriller,2015.0,Maze Runner: Scorch Trials,Thriller
85,Manchester by the Sea (2016),165549,Drama,2016.0,Manchester by the Sea,Drama
86,Ghost in the Shell (2017),168612,Action|Drama|Sci-Fi,2017.0,Ghost in the Shell,Action
86,Ghost in the Shell (2017),168612,Action|Drama|Sci-Fi,2017.0,Ghost in the Shell,Drama
86,Ghost in the Shell (2017),168612,Action|Drama|Sci-Fi,2017.0,Ghost in the Shell,Sci-Fi
87,Sully (2016),160980,Drama,2016.0,Sully,Drama
88,Jumanji: Welcome to the Jungle (2017),179401,Action|Adventure|Children,2017.0,Jumanji: Welcome to the Jungle,Action
88,Jumanji: Welcome to the Jungle (2017),179401,Action|Adventure|Children,2017.0,Jumanji: Welcome to the Jungle,Adventure
88,Jumanji: Welcome to the Jungle (2017),179401,Action|Adventure|Children,2017.0,Jumanji: Welcome to the Jungle,Children
89,The Witch (2015),140267,Horror,2015.0,The Witch,Horror
90,Beauty and the Beast (2017),168366,Fantasy|Romance,2017.0,Beauty and the Beast,Fantasy
90,Beauty and the Beast (2017),168366,Fantasy|Romance,2017.0,Beauty and the Beast,Romance
91,Jason Bourne (2016),160438,Action,2016.0,Jason Bourne,Action
92,Kung Fu Panda 3 (2016),149406,Action|Adventure|Animation,2016.0,Kung Fu Panda 3,Action
92,Kung Fu Panda 3 (2016),149406,Action|Adventure|Animation,2016.0,Kung Fu Panda 3,Adventure
92,Kung Fu Panda 3 (2016),149406,Action|Adventure|Animation,2016.0,Kung Fu Panda 3,Animation
93,Creed (2015),146656,Drama,2015.0,Creed,Drama
94,Your Name. (2016),163134,Animation|Drama|Fantasy|Romance,2016.0,Your Name.,Animation
94,Your Name. (2016),163134,Animation|Drama|Fantasy|Romance,2016.0,Your Name.,Drama
94,Your Name. (2016),163134,Animation|Drama|Fantasy|Romance,2016.0,Your Name.,Fantasy
94,Your Name. (2016),163134,Animation|Drama|Fantasy|Romance,2016.0,Your Name.,Romance
95,Alien: Covenant (2017),169984,Action|Horror|Sci-Fi|Thriller,2017.0,Alien: Covenant,Action
95,Alien: Covenant (2017),169984,Action|Horror|Sci-Fi|Thriller,2017.0,Alien: Covenant,Horror
95,Alien: Covenant (2017),169984,Action|Horror|Sci-Fi|Thriller,2017.0,Alien: Covenant,Sci-Fi
95,Alien: Covenant (2017),169984,Action|Horror|Sci-Fi|Thriller,2017.0,Alien: Covenant,Thriller
96,Kingsman: The Golden Circle (2017),176101,Action|Adventure|Comedy,2017.0,Kingsman: The Golden Circle,Action
96,Kingsman: The Golden Circle (2017),176101,Action|Adventure|Comedy,2017.0,Kingsman: The Golden Circle,Adventure
96,Kingsman: The Golden Circle (2017),176101,Action|Adventure|Comedy,2017.0,Kingsman: The Golden Circle,Comedy
97,Hunt for the Wilderpeople (2016),152970,Adventure|Comedy,2016.0,Hunt for the Wilderpeople,Adventure
97,Hunt for the Wilderpeople (2016),152970,Adventure|Comedy,2016.0,Hunt for the Wilderpeople,Comedy
98,Lion (2016),165551,Drama,2016.0,Lion,Drama
99,Solo: A Star Wars Story (2018),187595,Action|Adventure|Children|Sci-Fi,2018.0,Solo: A Star Wars Story,Action
99,Solo: A Star Wars Story (2018),187595,Action|Adventure|Children|Sci-Fi,2018.0,Solo: A Star Wars Story,Adventure
99,Solo: A Star Wars Story (2018),187595,Action|Adventure|Children|Sci-Fi,2018.0,Solo: A Star Wars Story,Children
99,Solo: A Star Wars Story (2018),187595,Action|Adventure|Children|Sci-Fi,2018.0,Solo: A Star Wars Story,Sci-Fi
100,Ant-Man and the Wasp (2018),188301,Action|Adventure|Comedy|Fantasy|Sci-Fi,2018.0,Ant-Man and the Wasp,Action
100,Ant-Man and the Wasp (2018),188301,Action|Adventure|Comedy|Fantasy|Sci-Fi,2018.0,Ant-Man and the Wasp,Adventure
100,Ant-Man and the Wasp (2018),188301,Action|Adventure|Comedy|Fantasy|Sci-Fi,2018.0,Ant-Man and the Wasp,Comedy
100,Ant-Man and the Wasp (2018),188301,Action|Adventure|Comedy|Fantasy|Sci-Fi,2018.0,Ant-Man and the Wasp,Fantasy
100,Ant-Man and the Wasp (2018),188301,Action|Adventure|Comedy|Fantasy|Sci-Fi,2018.0,Ant-Man and the Wasp,Sci-Fi
101,Me and Earl and the Dying Girl (2015),127202,Drama,2015.0,Me and Earl and the Dying Girl,Drama
102,Pirates of the Caribbean: Dead Men Tell No Tales (2017),122896,(no genres listed),2017.0,Pirates of the Caribbean: Dead Men Tell No Tales,(no genres listed)
103,Mission: Impossible - Fallout (2018),189333,Action|Adventure|Thriller,2018.0,Mission: Impossible - Fallout,Action
103,Mission: Impossible - Fallout (2018),189333,Action|Adventure|Thriller,2018.0,Mission: Impossible - Fallout,Adventure
103,Mission: Impossible - Fallout (2018),189333,Action|Adventure|Thriller,2018.0,Mission: Impossible - Fallout,Thriller
104,Ted 2 (2015),135861,Comedy,2015.0,Ted 2,Comedy
105,The Big Sick (2017),168326,Comedy|Romance,2017.0,The Big Sick,Comedy
105,The Big Sick (2017),168326,Comedy|Romance,2017.0,The Big Sick,Romance
106,Sausage Party (2016),158872,Animation|Comedy,2016.0,Sausage Party,Animation
106,Sausage Party (2016),158872,Animation|Comedy,2016.0,Sausage Party,Comedy
107,Warcraft (2016),122890,Action|Adventure|Fantasy,2016.0,Warcraft,Action
107,Warcraft (2016),122890,Action|Adventure|Fantasy,2016.0,Warcraft,Adventure
107,Warcraft (2016),122890,Action|Adventure|Fantasy,2016.0,Warcraft,Fantasy
108,The Secret Life of Pets (2016),135436,Animation|Comedy,2016.0,The Secret Life of Pets,Animation
108,The Secret Life of Pets (2016),135436,Animation|Comedy,2016.0,The Secret Life of Pets,Comedy
109,War Dogs (2016),161131,Comedy,2016.0,War Dogs,Comedy
110,Trainwreck (2015),134393,Comedy|Romance,2015.0,Trainwreck,Comedy
110,Trainwreck (2015),134393,Comedy|Romance,2015.0,Trainwreck,Romance
111,Pitch Perfect 2 (2015),133419,Comedy,2015.0,Pitch Perfect 2,Comedy
112,Everest (2015),142448,Adventure|Drama|Thriller,2015.0,Everest,Adventure
112,Everest (2015),142448,Adventure|Drama|Thriller,2015.0,Everest,Drama
112,Everest (2015),142448,Adventure|Drama|Thriller,2015.0,Everest,Thriller
113,Wind River (2017),175569,Action|Crime|Mystery|Thriller,2017.0,Wind River,Action
113,Wind River (2017),175569,Action|Crime|Mystery|Thriller,2017.0,Wind River,Crime
113,Wind River (2017),175569,Action|Crime|Mystery|Thriller,2017.0,Wind River,Mystery
113,Wind River (2017),175569,Action|Crime|Mystery|Thriller,2017.0,Wind River,Thriller
114,Miss Peregrine's Home for Peculiar Children (2016),162600,Fantasy,2016.0,Miss Peregrine's Home for Peculiar Children,Fantasy
115,San Andreas (2015),132796,Action|Drama|Thriller,2015.0,San Andreas,Action
115,San Andreas (2015),132796,Action|Drama|Thriller,2015.0,San Andreas,Drama
115,San Andreas (2015),132796,Action|Drama|Thriller,2015.0,San Andreas,Thriller
116,Captain Marvel (2018),122910,Action|Adventure|Sci-Fi,2018.0,Captain Marvel,Action
116,Captain Marvel (2018),122910,Action|Adventure|Sci-Fi,2018.0,Captain Marvel,Adventure
116,Captain Marvel (2018),122910,Action|Adventure|Sci-Fi,2018.0,Captain Marvel,Sci-Fi
117,War for the Planet of the Apes (2017),173145,Action|Adventure|Drama|Sci-Fi,2017.0,War for the Planet of the Apes,Action
117,War for the Planet of the Apes (2017),173145,Action|Adventure|Drama|Sci-Fi,2017.0,War for the Planet of the Apes,Adventure
117,War for the Planet of the Apes (2017),173145,Action|Adventure|Drama|Sci-Fi,2017.0,War for the Planet of the Apes,Drama
117,War for the Planet of the Apes (2017),173145,Action|Adventure|Drama|Sci-Fi,2017.0,War for the Planet of the Apes,Sci-Fi
118,"Hail, Caesar! (2016)",143859,Comedy,2016.0,"Hail, Caesar!",Comedy
119,The Magnificent Seven (2016),162350,Action|Western,2016.0,The Magnificent Seven,Action
119,The Magnificent Seven (2016),162350,Action|Western,2016.0,The Magnificent Seven,Western
120,Ghostbusters (2016),160080,Action|Comedy|Horror|Sci-Fi,2016.0,Ghostbusters,Action
120,Ghostbusters (2016),160080,Action|Comedy|Horror|Sci-Fi,2016.0,Ghostbusters,Comedy
120,Ghostbusters (2016),160080,Action|Comedy|Horror|Sci-Fi,2016.0,Ghostbusters,Horror
120,Ghostbusters (2016),160080,Action|Comedy|Horror|Sci-Fi,2016.0,Ghostbusters,Sci-Fi
121,Fantastic Four (2015),122902,Action|Adventure|Fantasy|Sci-Fi,2015.0,Fantastic Four,Action
121,Fantastic Four (2015),122902,Action|Adventure|Fantasy|Sci-Fi,2015.0,Fantastic Four,Adventure
121,Fantastic Four (2015),122902,Action|Adventure|Fantasy|Sci-Fi,2015.0,Fantastic Four,Fantasy
121,Fantastic Four (2015),122902,Action|Adventure|Fantasy|Sci-Fi,2015.0,Fantastic Four,Sci-Fi
122,Life (2017),169864,Horror|Sci-Fi|Thriller,2017.0,Life,Horror
122,Life (2017),169864,Horror|Sci-Fi|Thriller,2017.0,Life,Sci-Fi
122,Life (2017),169864,Horror|Sci-Fi|Thriller,2017.0,Life,Thriller
123,The Founder (2016),166946,Drama,2016.0,The Founder,Drama
124,The Conjuring 2 (2016),159858,Horror,2016.0,The Conjuring 2,Horror
125,Valerian and the City of a Thousand Planets (2017),173291,Action|Adventure|Sci-Fi,2017.0,Valerian and the City of a Thousand Planets,Action
125,Valerian and the City of a Thousand Planets (2017),173291,Action|Adventure|Sci-Fi,2017.0,Valerian and the City of a Thousand Planets,Adventure
125,Valerian and the City of a Thousand Planets (2017),173291,Action|Adventure|Sci-Fi,2017.0,Valerian and the City of a Thousand Planets,Sci-Fi
126,Hotel Transylvania 2 (2015),142997,Animation|Comedy,2015.0,Hotel Transylvania 2,Animation
126,Hotel Transylvania 2 (2015),142997,Animation|Comedy,2015.0,Hotel Transylvania 2,Comedy
127,Mother! (2017),176419,Drama|Horror|Mystery|Thriller,2017.0,Mother!,Drama
127,Mother! (2017),176419,Drama|Horror|Mystery|Thriller,2017.0,Mother!,Horror
127,Mother! (2017),176419,Drama|Horror|Mystery|Thriller,2017.0,Mother!,Mystery
127,Mother! (2017),176419,Drama|Horror|Mystery|Thriller,2017.0,Mother!,Thriller
128,Piper (2016),160718,Animation,2016.0,Piper,Animation
129,Straight Outta Compton (2015),140715,Drama,2015.0,Straight Outta Compton,Drama
130,Hereditary (2018),183869,(no genres listed),2018.0,Hereditary,(no genres listed)
131,Game Night (2018),183611,Action|Comedy|Crime|Horror,2018.0,Game Night,Action
131,Game Night (2018),183611,Action|Comedy|Crime|Horror,2018.0,Game Night,Comedy
131,Game Night (2018),183611,Action|Comedy|Crime|Horror,2018.0,Game Night,Crime
131,Game Night (2018),183611,Action|Comedy|Crime|Horror,2018.0,Game Night,Horror
132,Steve Jobs (2015),136562,Drama,2015.0,Steve Jobs,Drama
133,The Hitman's Bodyguard (2017),175661,Action|Comedy,2017.0,The Hitman's Bodyguard,Action
133,The Hitman's Bodyguard (2017),175661,Action|Comedy,2017.0,The Hitman's Bodyguard,Comedy
134,Justice League (2017),122898,Action|Adventure|Sci-Fi,2017.0,Justice League,Action
134,Justice League (2017),122898,Action|Adventure|Sci-Fi,2017.0,Justice League,Adventure
134,Justice League (2017),122898,Action|Adventure|Sci-Fi,2017.0,Justice League,Sci-Fi
135,The Handmaiden (2016),158783,Drama|Romance|Thriller,2016.0,The Handmaiden,Drama
135,The Handmaiden (2016),158783,Drama|Romance|Thriller,2016.0,The Handmaiden,Romance
135,The Handmaiden (2016),158783,Drama|Romance|Thriller,2016.0,The Handmaiden,Thriller
136,Don't Breathe (2016),161634,Thriller,2016.0,Don't Breathe,Thriller
137,Independence Day: Resurgence (2016),135567,Action|Adventure|Sci-Fi,2016.0,Independence Day: Resurgence,Action
137,Independence Day: Resurgence (2016),135567,Action|Adventure|Sci-Fi,2016.0,Independence Day: Resurgence,Adventure
137,Independence Day: Resurgence (2016),135567,Action|Adventure|Sci-Fi,2016.0,Independence Day: Resurgence,Sci-Fi
138,Kung Fury (2015),134170,Action|Comedy|Fantasy|Sci-Fi,2015.0,Kung Fury,Action
138,Kung Fury (2015),134170,Action|Comedy|Fantasy|Sci-Fi,2015.0,Kung Fury,Comedy
138,Kung Fury (2015),134170,Action|Comedy|Fantasy|Sci-Fi,2015.0,Kung Fury,Fantasy
138,Kung Fury (2015),134170,Action|Comedy|Fantasy|Sci-Fi,2015.0,Kung Fury,Sci-Fi
139,BlacKkKlansman (2018),189713,Comedy|Crime|Drama,2018.0,BlacKkKlansman,Comedy
139,BlacKkKlansman (2018),189713,Comedy|Crime|Drama,2018.0,BlacKkKlansman,Crime
139,BlacKkKlansman (2018),189713,Comedy|Crime|Drama,2018.0,BlacKkKlansman,Drama
140,Home (2015),130520,Adventure|Animation|Children|Comedy|Fantasy|Sci-Fi,2015.0,Home,Adventure
140,Home (2015),130520,Adventure|Animation|Children|Comedy|Fantasy|Sci-Fi,2015.0,Home,Animation
140,Home (2015),130520,Adventure|Animation|Children|Comedy|Fantasy|Sci-Fi,2015.0,Home,Children
140,Home (2015),130520,Adventure|Animation|Children|Comedy|Fantasy|Sci-Fi,2015.0,Home,Comedy
140,Home (2015),130520,Adventure|Animation|Children|Comedy|Fantasy|Sci-Fi,2015.0,Home,Fantasy
140,Home (2015),130520,Adventure|Animation|Children|Comedy|Fantasy|Sci-Fi,2015.0,Home,Sci-Fi
141,"I, Tonya (2017)",178061,Drama,2017.0,"I, Tonya",Drama
142,Kong: Skull Island (2017),168254,Action|Adventure|Fantasy,2017.0,Kong: Skull Island,Action
142,Kong: Skull Island (2017),168254,Action|Adventure|Fantasy,2017.0,Kong: Skull Island,Adventure
142,Kong: Skull Island (2017),168254,Action|Adventure|Fantasy,2017.0,Kong: Skull Island,Fantasy
143,Murder on the Orient Express (2017),177763,Crime|Drama|Mystery,2017.0,Murder on the Orient Express,Crime
143,Murder on the Orient Express (2017),177763,Crime|Drama|Mystery,2017.0,Murder on the Orient Express,Drama
143,Murder on the Orient Express (2017),177763,Crime|Drama|Mystery,2017.0,Murder on the Orient Express,Mystery
144,Snowden (2016),157699,Drama|Thriller,2016.0,Snowden,Drama
144,Snowden (2016),157699,Drama|Thriller,2016.0,Snowden,Thriller
145,Call Me by Your Name (2017),168492,Drama|Romance,2017.0,Call Me by Your Name,Drama
145,Call Me by Your Name (2017),168492,Drama|Romance,2017.0,Call Me by Your Name,Romance
146,Fifty Shades of Grey (2015),125916,Drama|Romance,2015.0,Fifty Shades of Grey,Drama
146,Fifty Shades of Grey (2015),125916,Drama|Romance,2015.0,Fifty Shades of Grey,Romance
147,Venom (2018),192389,Action|Horror|Sci-Fi|Thriller,2018.0,Venom,Action
147,Venom (2018),192389,Action|Horror|Sci-Fi|Thriller,2018.0,Venom,Horror
147,Venom (2018),192389,Action|Horror|Sci-Fi|Thriller,2018.0,Venom,Sci-Fi
147,Venom (2018),192389,Action|Horror|Sci-Fi|Thriller,2018.0,Venom,Thriller
148,The Gift (2015),140247,Drama|Horror,2015.0,The Gift,Drama
148,The Gift (2015),140247,Drama|Horror,2015.0,The Gift,Horror
149,The Greatest Showman (2017),180985,Drama,2017.0,The Greatest Showman,Drama
150,Swiss Army Man (2016),159415,Comedy|Drama|Romance,2016.0,Swiss Army Man,Comedy
150,Swiss Army Man (2016),159415,Comedy|Drama|Romance,2016.0,Swiss Army Man,Drama
150,Swiss Army Man (2016),159415,Comedy|Drama|Romance,2016.0,Swiss Army Man,Romance
151,The Age of Adaline (2015),132480,Drama|Fantasy|Romance,2015.0,The Age of Adaline,Drama
151,The Age of Adaline (2015),132480,Drama|Fantasy|Romance,2015.0,The Age of Adaline,Fantasy
151,The Age of Adaline (2015),132480,Drama|Fantasy|Romance,2015.0,The Age of Adaline,Romance
152,Jurassic World: Fallen Kingdom (2018),187031,Action|Adventure|Drama|Sci-Fi|Thriller,2018.0,Jurassic World: Fallen Kingdom,Action
152,Jurassic World: Fallen Kingdom (2018),187031,Action|Adventure|Drama|Sci-Fi|Thriller,2018.0,Jurassic World: Fallen Kingdom,Adventure
152,Jurassic World: Fallen Kingdom (2018),187031,Action|Adventure|Drama|Sci-Fi|Thriller,2018.0,Jurassic World: Fallen Kingdom,Drama
152,Jurassic World: Fallen Kingdom (2018),187031,Action|Adventure|Drama|Sci-Fi|Thriller,2018.0,Jurassic World: Fallen Kingdom,Sci-Fi
152,Jurassic World: Fallen Kingdom (2018),187031,Action|Adventure|Drama|Sci-Fi|Thriller,2018.0,Jurassic World: Fallen Kingdom,Thriller
153,Brooklyn (2015),127108,Drama|Romance,2015.0,Brooklyn,Drama
153,Brooklyn (2015),127108,Drama|Romance,2015.0,Brooklyn,Romance
154,Green Room (2015),141866,(no genres listed),2015.0,Green Room,(no genres listed)
155,The Fate of the Furious (2017),170875,Action|Crime|Drama|Thriller,2017.0,The Fate of the Furious,Action
155,The Fate of the Furious (2017),170875,Action|Crime|Drama|Thriller,2017.0,The Fate of the Furious,Crime
155,The Fate of the Furious (2017),170875,Action|Crime|Drama|Thriller,2017.0,The Fate of the Furious,Drama
155,The Fate of the Furious (2017),170875,Action|Crime|Drama|Thriller,2017.0,The Fate of the Furious,Thriller
156,Planet Earth II (2016),171011,Documentary,2016.0,Planet Earth II,Documentary
157,Black Mass (2015),136018,Crime|Drama,2015.0,Black Mass,Crime
157,Black Mass (2015),136018,Crime|Drama,2015.0,Black Mass,Drama
158,Cinderella (2015),130073,Children|Drama|Fantasy|Romance,2015.0,Cinderella,Children
158,Cinderella (2015),130073,Children|Drama|Fantasy|Romance,2015.0,Cinderella,Drama
158,Cinderella (2015),130073,Children|Drama|Fantasy|Romance,2015.0,Cinderella,Fantasy
158,Cinderella (2015),130073,Children|Drama|Fantasy|Romance,2015.0,Cinderella,Romance
159,Me Before You (2016),152017,Drama|Romance,2016.0,Me Before You,Drama
159,Me Before You (2016),152017,Drama|Romance,2016.0,Me Before You,Romance
160,The Girl on the Train (2016),162602,Thriller,2016.0,The Girl on the Train,Thriller
161,Train to Busan (2016),162082,Action|Thriller,2016.0,Train to Busan,Action
161,Train to Busan (2016),162082,Action|Thriller,2016.0,Train to Busan,Thriller
162,Atomic Blonde (2017),173941,Thriller,2017.0,Atomic Blonde,Thriller
163,The Edge of Seventeen (2016),161922,Comedy,2016.0,The Edge of Seventeen,Comedy
164,Upgrade (2018),189203,Action|Comedy|Horror|Sci-Fi|Thriller,2018.0,Upgrade,Action
164,Upgrade (2018),189203,Action|Comedy|Horror|Sci-Fi|Thriller,2018.0,Upgrade,Comedy
164,Upgrade (2018),189203,Action|Comedy|Horror|Sci-Fi|Thriller,2018.0,Upgrade,Horror
164,Upgrade (2018),189203,Action|Comedy|Horror|Sci-Fi|Thriller,2018.0,Upgrade,Sci-Fi
164,Upgrade (2018),189203,Action|Comedy|Horror|Sci-Fi|Thriller,2018.0,Upgrade,Thriller
165,A Star Is Born (2018),192385,Drama|Romance,2018.0,A Star Is Born,Drama
165,A Star Is Born (2018),192385,Drama|Romance,2018.0,A Star Is Born,Romance
166,Aquaman (2018),143347,Action|Fantasy|Sci-Fi,2018.0,Aquaman,Action
166,Aquaman (2018),143347,Action|Fantasy|Sci-Fi,2018.0,Aquaman,Fantasy
166,Aquaman (2018),143347,Action|Fantasy|Sci-Fi,2018.0,Aquaman,Sci-Fi
167,Gifted (2017),170697,Drama,2017.0,Gifted,Drama
168,Taken 3 (2015),120635,Action|Crime|Thriller,2015.0,Taken 3,Action
168,Taken 3 (2015),120635,Action|Crime|Thriller,2015.0,Taken 3,Crime
168,Taken 3 (2015),120635,Action|Crime|Thriller,2015.0,Taken 3,Thriller
169,The Ballad of Buster Scruggs (2018),193944,Comedy|Drama|Western,2018.0,The Ballad of Buster Scruggs,Comedy
169,The Ballad of Buster Scruggs (2018),193944,Comedy|Drama|Western,2018.0,The Ballad of Buster Scruggs,Drama
169,The Ballad of Buster Scruggs (2018),193944,Comedy|Drama|Western,2018.0,The Ballad of Buster Scruggs,Western
170,Wonder (2017),180095,Drama,2017.0,Wonder,Drama
171,Bird Box (2018),194951,Drama|Sci-Fi|Thriller,2018.0,Bird Box,Drama
171,Bird Box (2018),194951,Drama|Sci-Fi|Thriller,2018.0,Bird Box,Sci-Fi
171,Bird Box (2018),194951,Drama|Sci-Fi|Thriller,2018.0,Bird Box,Thriller
172,Louis C.K.: Live at The Comedy Store (2015),127098,Comedy,2015.0,Louis C.K.: Live at The Comedy Store,Comedy
173,Pixels (2015),135137,Action|Comedy|Sci-Fi,2015.0,Pixels,Action
173,Pixels (2015),135137,Action|Comedy|Sci-Fi,2015.0,Pixels,Comedy
173,Pixels (2015),135137,Action|Comedy|Sci-Fi,2015.0,Pixels,Sci-Fi
174,Spider-Man: Far from Home (2019),201773,Action|Adventure|Sci-Fi,2019.0,Spider-Man: Far from Home,Action
174,Spider-Man: Far from Home (2019),201773,Action|Adventure|Sci-Fi,2019.0,Spider-Man: Far from Home,Adventure
174,Spider-Man: Far from Home (2019),201773,Action|Adventure|Sci-Fi,2019.0,Spider-Man: Far from Home,Sci-Fi
175,Sing (2016),167036,Animation|Children|Comedy,2016.0,Sing,Animation
175,Sing (2016),167036,Animation|Children|Comedy,2016.0,Sing,Children
175,Sing (2016),167036,Animation|Children|Comedy,2016.0,Sing,Comedy
176,Sing (2016),169530,Drama,2016.0,Sing,Drama
177,Sing Street (2016),156387,Drama,2016.0,Sing Street,Drama
178,The Lego Batman Movie (2017),167746,Action|Animation|Comedy,2017.0,The Lego Batman Movie,Action
178,The Lego Batman Movie (2017),167746,Action|Animation|Comedy,2017.0,The Lego Batman Movie,Animation
178,The Lego Batman Movie (2017),167746,Action|Animation|Comedy,2017.0,The Lego Batman Movie,Comedy
179,Carol (2015),133645,Drama|Romance,2015.0,Carol,Drama
179,Carol (2015),133645,Drama|Romance,2015.0,Carol,Romance
180,The Disaster Artist (2017),180297,Comedy|Drama,2017.0,The Disaster Artist,Comedy
180,The Disaster Artist (2017),180297,Comedy|Drama,2017.0,The Disaster Artist,Drama
181,Central Intelligence (2016),160271,Action|Comedy,2016.0,Central Intelligence,Action
181,Central Intelligence (2016),160271,Action|Comedy,2016.0,Central Intelligence,Comedy
182,Crimson Peak (2015),128838,Horror,2015.0,Crimson Peak,Horror
183,Deepwater Horizon (2016),162598,Drama,2016.0,Deepwater Horizon,Drama
184,Ocean's 8 (2018),189363,Action|Comedy|Crime|Thriller,2018.0,Ocean's 8,Action
184,Ocean's 8 (2018),189363,Action|Comedy|Crime|Thriller,2018.0,Ocean's 8,Comedy
184,Ocean's 8 (2018),189363,Action|Comedy|Crime|Thriller,2018.0,Ocean's 8,Crime
184,Ocean's 8 (2018),189363,Action|Comedy|Crime|Thriller,2018.0,Ocean's 8,Thriller
185,Allegiant: Part 1 (2016),135141,Adventure|Sci-Fi,2016.0,Allegiant: Part 1,Adventure
185,Allegiant: Part 1 (2016),135141,Adventure|Sci-Fi,2016.0,Allegiant: Part 1,Sci-Fi
186,Darkest Hour (2017),179817,Drama|War,2017.0,Darkest Hour,Drama
186,Darkest Hour (2017),179817,Drama|War,2017.0,Darkest Hour,War
187,Nerve (2016),160954,Drama|Thriller,2016.0,Nerve,Drama
187,Nerve (2016),160954,Drama|Thriller,2016.0,Nerve,Thriller
188,The Post (2017),180497,Drama|Thriller,2017.0,The Post,Drama
188,The Post (2017),180497,Drama|Thriller,2017.0,The Post,Thriller
189,Tomb Raider (2018),184471,Action|Adventure|Fantasy,2018.0,Tomb Raider,Action
189,Tomb Raider (2018),184471,Action|Adventure|Fantasy,2018.0,Tomb Raider,Adventure
189,Tomb Raider (2018),184471,Action|Adventure|Fantasy,2018.0,Tomb Raider,Fantasy
190,Get Hard (2015),131013,Comedy|Crime,2015.0,Get Hard,Comedy
190,Get Hard (2015),131013,Comedy|Crime,2015.0,Get Hard,Crime
191,Neighbors 2: Sorority Rising (2016),156609,Comedy,2016.0,Neighbors 2: Sorority Rising,Comedy
192,The Good Dinosaur (2015),136016,Adventure|Animation|Children|Comedy|Fantasy,2015.0,The Good Dinosaur,Adventure
192,The Good Dinosaur (2015),136016,Adventure|Animation|Children|Comedy|Fantasy,2015.0,The Good Dinosaur,Animation
192,The Good Dinosaur (2015),136016,Adventure|Animation|Children|Comedy|Fantasy,2015.0,The Good Dinosaur,Children
192,The Good Dinosaur (2015),136016,Adventure|Animation|Children|Comedy|Fantasy,2015.0,The Good Dinosaur,Comedy
192,The Good Dinosaur (2015),136016,Adventure|Animation|Children|Comedy|Fantasy,2015.0,The Good Dinosaur,Fantasy
193,Bright (2017),182823,Action|Crime|Fantasy,2017.0,Bright,Action
193,Bright (2017),182823,Action|Crime|Fantasy,2017.0,Bright,Crime
193,Bright (2017),182823,Action|Crime|Fantasy,2017.0,Bright,Fantasy
194,King Arthur: Legend of the Sword (2017),168344,Action|Adventure|Drama|Fantasy,2017.0,King Arthur: Legend of the Sword,Action
194,King Arthur: Legend of the Sword (2017),168344,Action|Adventure|Drama|Fantasy,2017.0,King Arthur: Legend of the Sword,Adventure
194,King Arthur: Legend of the Sword (2017),168344,Action|Adventure|Drama|Fantasy,2017.0,King Arthur: Legend of the Sword,Drama
194,King Arthur: Legend of the Sword (2017),168344,Action|Adventure|Drama|Fantasy,2017.0,King Arthur: Legend of the Sword,Fantasy
195,Southpaw (2015),139642,Action|Drama,2015.0,Southpaw,Action
195,Southpaw (2015),139642,Action|Drama,2015.0,Southpaw,Drama
196,American Made (2017),176751,Crime|Thriller,2017.0,American Made,Crime
196,American Made (2017),176751,Crime|Thriller,2017.0,American Made,Thriller
197,The Mummy (2017),170827,Action|Adventure|Fantasy|Horror|Thriller,2017.0,The Mummy,Action
197,The Mummy (2017),170827,Action|Adventure|Fantasy|Horror|Thriller,2017.0,The Mummy,Adventure
197,The Mummy (2017),170827,Action|Adventure|Fantasy|Horror|Thriller,2017.0,The Mummy,Fantasy
197,The Mummy (2017),170827,Action|Adventure|Fantasy|Horror|Thriller,2017.0,The Mummy,Horror
197,The Mummy (2017),170827,Action|Adventure|Fantasy|Horror|Thriller,2017.0,The Mummy,Thriller
198,13 Hours (2016),138210,Drama,2016.0,13 Hours,Drama
199,Molly's Game (2017),180045,Drama,2017.0,Molly's Game,Drama
